N-gram,Frequency
gene expression,1398
cell type,1231
scale bar,1079
single cell,800
expression level,798
marker gene,693
plot showing,684
differentially expressed,643
cell cluster,617
cell cell,580
violin plot,568
expressed gene,567
expression gene,431
error bar,430
independent experiment,419
time point,391
number cell,361
cell population,357
fold change,351
showing expression,343
heat map,319
cell colored,311
expression pattern,306
mean sem,301
heatmap showing,293
percentage cell,290
hierarchical clustering,284
individual cell,281
expression profile,277
see table,272
gene cell,271
gene set,267
expression cell,262
dashed line,260
per cell,258
differential expression,258
data fig,255
flow cytometry,254
extended data,252
transcription factor,246
dot plot,244
pearson correlation,242
expression value,240
bar represent,235
average expression,229
mean expression,227
selected gene,226
relative expression,226
bar plot,225
tsne plot,223
cell expressing,216
representative image,212
across cell,210
dot represents,209
cell gene,208
gene cluster,204
wilcoxon test,204
umap plot,204
biological replicates,203
endothelial cell,195
supplementary fig,191
plot cell,191
per group,191
cell cycle,189
cluster cell,188
supplementary table,187
immune cell,186
right panel,185
gene across,184
three independent,183
left right,182
epithelial cell,182
mouse per,182
number gene,181
cell per,174
principal component,173
two independent,173
student test,172
left panel,171
proportion cell,170
bar indicate,169
cell within,168
cell mouse,168
expression marker,165
plot show,165
stem cell,164
gene ontology,162
situ hybridization,162
gene shown,159
total cell,159
cell shown,158
rna sequencing,157
cell expression,155
expression selected,152
volcano plot,152
cell number,151
normalized expression,150
correlation coefficient,150
cell marker,149
cell line,149
gene gene,149
see figure,149
progenitor cell,148
top gene,148
dotted line,147
star method,147
cell isolated,146
box plot,144
arrow indicate,143
expression analysis,142
fraction cell,142
gene signature,142
enrichment analysis,142
total number,141
high expression,140
cell state,139
bar graph,137
analysis cell,133
calculated using,133
venn diagram,131
multiple comparison,129
gene identified,128
ﬂow cytometry,128
level gene,126
gene differentially,126
scatter plot,125
experimental design,125
component analysis,125
data representative,125
represent mean,124
unsupervised clustering,124
neighbor embedding,124
cluster cluster,124
interquartile range,123
different cell,122
per million,122
data point,121
gene detected,121
confidence interval,121
cluster identified,121
myeloid cell,120
data presented,119
signature gene,118
standard deviation,117
mouse cell,117
color coded,117
gene associated,117
variable gene,116
feature plot,115
see supplementary,114
data shown,114
cell right,114
source data,114
plot expression,113
stochastic neighbor,113
selected marker,112
target gene,112
represents one,112
gating strategy,112
statistical significance,112
cell red,111
cell color,110
color bar,110
see method,109
cell data,109
cell left,109
cell using,108
top bottom,108
dapi blue,108
exact test,107
cell subset,107
indicated gene,105
dendritic cell,105
fisher exact,105
adjusted value,104
line indicate,103
gene row,103
bone marrow,103
colored according,102
gene expressed,102
enriched gene,102
cluster gene,102
pie chart,101
cell ordered,101
map showing,101
distribution cell,101
human cell,101
cell sorted,100
red dot,100
expression across,100
red green,99
red blue,99
analysis gene,99
red line,98
cell indicated,98
one cell,98
green red,97
expression data,97
enrichment score,97
representative gene,97
shown right,96
cluster shown,96
cell analyzed,96
top differentially,96
protein expression,95
based expression,94
mrna expression,94
upregulated gene,94
frequency cell,94
type cell,93
developmental stage,93
false discovery,92
human mouse,92
confocal image,92
mouse mouse,91
schematic representation,91
peripheral blood,91
discovery rate,90
presented mean,88
control cell,88
cell different,88
stromal cell,88
post hoc,88
among cell,88
scaled expression,88
umi count,88
bottom panel,87
cell identified,87
line indicates,87
analysis performed,87
data cell,87
top right,87
low expression,86
differential gene,86
colored cluster,86
control mouse,86
black line,85
expression top,85
top panel,85
value calculated,84
fig supplementary,84
cell sample,84
per cluster,84
within cluster,83
gene enriched,83
within cell,83
transcript per,83
heatmap gene,83
top left,83
umap visualization,83
highly expressed,82
cell top,82
quantification cell,82
showing gene,82
mean value,81
clustering cell,81
cell total,81
gene used,81
plot depicting,81
major cell,81
across cluster,81
identified cell,81
data file,81
plot gene,80
expressed cell,79
time course,79
representative two,79
comparison test,79
represents individual,78
positive cell,78
cell control,78
diagram showing,78
individual gene,78
statistical analysis,78
shown mean,78
showing cell,78
provided source,78
marker expression,77
gene within,77
profile cell,77
indicate cell,77
colored cell,77
performed using,77
cell patient,77
tumor cell,76
cell column,76
lower panel,75
gene per,75
cell lineage,75
test see,75
spearman correlation,75
set enrichment,75
expression indicated,74
data set,74
cell heatmap,74
least one,74
count per,74
cell see,74
gene red,74
clustering analysis,74
cell scale,74
dot size,74
adult mouse,73
data represented,73
data represent,73
represents cell,73
expressing cell,72
data provided,72
known marker,72
color indicate,72
cluster expression,72
biologically independent,72
expression change,71
mouse brain,71
significant difference,71
represents single,71
gene significantly,71
cell based,71
expression cluster,71
mouse data,71
color scale,70
surface marker,70
cell row,70
chromatin accessibility,70
pseudotime trajectory,70
cell respectively,69
read per,69
cell three,69
set gene,69
blood cell,69
significantly enriched,69
facs plot,69
cell across,69
white arrow,69
cell blue,69
cell day,69
distinct cell,68
analysis pca,68
value gene,68
indicate mean,68
cell differentiation,68
biological process,68
cell assigned,68
arrowhead indicate,68
experiment mouse,68
solid line,67
cell two,67
showing relative,67
black dot,67
cell express,67
cell representative,67
representative three,67
represented mean,67
umap embedding,67
color code,66
line represents,66
gene upregulated,66
indicated cell,66
dot represent,66
bottom right,66
bar quantification,66
blue red,65
day day,65
value shown,65
compared control,65
gene column,65
cluster identity,65
red cell,65
unpaired student,65
showing distribution,64
projected onto,64
change gene,64
cell identity,64
read count,64
bar represents,64
expression key,64
rate fdr,64
mouse treated,64
cell dot,64
gene top,63
line represent,63
color represent,63
pca plot,63
bar top,63
cell bottom,63
cell green,63
right cell,63
smooth muscle,63
determined using,62
red arrow,62
bar show,62
shown red,62
score cell,62
expression heatmap,62
gene indicated,62
cell coloured,62
heatmap top,62
upper panel,61
sample cell,61
blue cell,61
showing number,61
point represents,61
graph showing,61
marker cell,61
muscle cell,61
test used,61
fig extended,61
cell human,61
cluster marker,61
manifold approximation,61
uniform manifold,61
different cluster,60
expression known,60
average gene,60
experiment performed,60
cell fate,60
excitatory neuron,60
bar left,60
cell treated,60
tissue section,60
memory cell,60
see star,60
approximation projection,60
material method,59
statistically significant,59
copy number,59
detected gene,59
expression shown,59
linear regression,59
analysis expression,59
population cell,59
color indicates,59
diffusion map,59
treg cell,59
cell umap,59
cell showing,58
schematic diagram,58
visualization cell,58
downregulated gene,58
third quartile,58
type identified,58
figure table,57
lineage marker,57
gene encoding,57
indicated time,57
different time,57
rna velocity,57
group cell,56
negative control,56
specific gene,56
cluster indicated,56
shown cell,56
normalized enrichment,56
show mean,56
cytometry analysis,56
log fold,56
cell axis,55
bar see,55
quality control,55
analysis using,55
horizontal line,55
schematic experimental,55
similar result,55
naive cell,55
cell class,55
bottom left,55
transcriptional profile,55
point cell,55
rank sum,55
cell derived,55
cluster color,55
correlation gene,54
correlation analysis,54
mesenchymal cell,54
highlighted red,54
cell plot,54
mouse human,54
gene involved,54
developmental trajectory,54
unpaired test,54
projection cell,54
independent sample,54
see fig,53
anova tukey,53
column represents,53
per condition,53
wilcoxon rank,53
based gene,52
cell sorting,52
flow cytometric,52
distinct cluster,52
gene module,52
see extended,52
across different,52
expression signature,52
show expression,52
trajectory analysis,52
cluster heatmap,52
day cell,52
mouse day,52
test significant,52
mouse scale,52
key gene,51
shown top,51
cancer cell,51
sorted cell,51
shown fig,51
represent cell,51
using test,51
cluster violin,51
signature score,51
differentiation trajectory,51
plot left,51
malignant cell,51
cell subtypes,51
representative flow,51
indicated red,50
median value,50
red indicates,50
level expression,50
signaling pathway,50
protein level,50
key marker,50
dot indicate,50
specific cell,50
sum test,50
data mean,50
cytometry plot,50
cluster assignment,50
pairwise comparison,49
cell surface,49
expression within,49
cell tumor,49
differentiated cell,49
expression representative,49
low high,49
expressing gene,49
right expression,49
bulk data,49
show median,49
cluster number,49
per time,49
along pseudotime,49
cluster top,49
image shown,49
mouse representative,49
top marker,49
identified cluster,49
projection umap,49
four independent,48
experiment shown,48
analysis data,48
two different,48
fluorescence intensity,48
gene ordered,48
detected per,48
technical replicates,48
enrichment gene,48
cell used,48
gene list,48
cell subpopulation,48
fig cell,48
section mouse,48
using gene,48
first third,48
distribution expression,48
cell among,48
different color,48
donor cell,48
color represents,48
umap projection,48
cell collected,47
blue dot,47
two cell,47
analysis reveals,47
standard error,47
dark blue,47
indicated marker,47
bonferroni correction,47
normalized gene,47
shown representative,47
left cell,47
representative facs,47
white arrowhead,47
cell compared,46
density plot,46
according expression,46
cell fig,46
type shown,46
cell grouped,46
expression red,46
cell group,46
mrna level,46
ontology term,46
cell individual,46
compared cell,46
line median,46
expression score,46
colored expression,46
size dot,46
analysis showing,45
cluster analysis,45
two cluster,45
associated gene,45
hypergeometric test,45
gene found,45
cluster defined,45
bar chart,45
change expression,45
vertical line,45
gene highlighted,45
annotated cell,45
example gene,45
unique molecular,45
significance determined,45
one experiment,45
level cell,45
individual mouse,45
pathway analysis,45
neighbour embedding,45
axis represents,44
middle panel,44
bottom row,44
cell along,44
wild type,44
level selected,44
across sample,44
cell plotted,44
embedding tsne,44
showing average,44
small intestine,44
showing percentage,44
patient sample,44
stochastic neighbour,44
hoc test,44
cell black,43
cell one,43
bar indicates,43
shown bottom,43
expression single,43
cell percentage,43
gene highly,43
high level,43
number detected,43
type marker,43
cell high,43
mouse model,43
versus control,43
type gene,43
indicated color,43
green cell,43
gene left,43
colored based,43
cell clustered,43
change cell,43
two experiment,43
sample per,43
significant gene,43
effect size,43
healthy control,43
cluster based,43
plot representing,43
gene related,42
rna expression,42
control sample,42
bar sem,42
three biological,42
distribution gene,42
spinal cord,42
blue scale,42
blue green,42
heatmap expression,42
cell labeled,42
marker shown,42
symbol represents,42
bar representative,42
lineage tracing,42
yellow arrow,42
plot shown,42
plot comparing,42
assigned cell,42
image representative,42
related figure,42
healthy donor,42
cluster right,42
cell count,42
shown left,41
level indicated,41
first two,41
gray line,41
gene different,41
transcript count,41
indicates cell,41
unsupervised hierarchical,41
clustering gene,41
light blue,41
state cell,41
row represents,41
top cell,41
using wilcoxon,41
representative marker,41
gene among,41
dimensionality reduction,41
cell violin,41
show distribution,40
red high,40
higher expression,40
transcriptional program,40
cell defined,40
lymph node,40
analyzed using,40
value cell,40
mouse embryo,40
euclidean distance,40
identified using,40
gene showing,40
gray dot,40
cell classified,40
cell proliferation,40
red bar,40
molecular identifier,40
plot indicate,40
cell schematic,40
relative proportion,40
mouse week,40
score gene,40
day post,40
upper lower,40
pseudotime analysis,40
coronal section,40
embedding plot,40
two distinct,39
three different,39
cluster see,39
blue line,39
cell show,39
per sample,39
lineage cell,39
line mark,39
associated cell,39
one two,39
schematic overview,39
comparison gene,39
middle right,39
cell reveals,39
represent individual,39
gene name,39
recipient mouse,39
group gene,39
expression per,39
cell positive,39
gene marker,39
plot displaying,39
stacked bar,39
cell distribution,38
cell analysis,38
data pooled,38
analysis single,38
stage cell,38
top row,38
reverse transcription,38
highly variable,38
median expression,38
subset gene,38
immunofluorescence staining,38
multiple testing,38
expression distribution,38
reporter mouse,38
test error,38
asterisk indicate,38
cell culture,38
top ten,38
give rise,38
gene group,38
cell frequency,38
expression expression,38
gene along,38
contour plot,38
natural killer,38
sequencing data,38
immunoﬂuorescence staining,38
red box,37
total rna,37
supplementary data,37
light gray,37
represents gene,37
gene see,37
cell four,37
absolute number,37
heatmaps showing,37
experimental procedure,37
human brain,37
red circle,37
subset cell,37
primary tumor,37
median box,37
marker used,37
cluster fig,37
cycling cell,37
western blot,37
cell fraction,37
schematic showing,37
cell donor,37
cell enriched,37
versus cell,37
right scale,37
bottom cell,37
activated cell,37
cell tsne,37
blood vessel,37
population identified,37
basal cell,37
identification cell,37
using unpaired,37
represents average,36
according cell,36
cell clustering,36
enriched cell,36
shown heatmap,36
selected cell,36
image show,36
cell mean,36
cell single,36
experiment cell,36
transcriptional state,36
point represent,36
cell middle,36
expression individual,36
heatmap differentially,36
three cluster,36
inhibitory neuron,36
isolated mouse,36
gene downregulated,36
cell determined,36
image showing,36
gene count,36
two biological,36
quartile whisker,36
ganglion cell,36
cluster colored,36
expression program,36
precursor cell,36
panel cell,36
cluster left,36
minimum maximum,36
plot colored,36
value indicated,36
highest expression,36
plasma cell,36
marker cluster,36
cell expressed,35
two three,35
arrow indicates,35
cell layer,35
scatterplot showing,35
housekeeping gene,35
gene selected,35
germ cell,35
showing differentially,35
analysis human,35
gene specific,35
represents expression,35
used analysis,35
gene single,35
canonical marker,35
differentiation cell,35
increased expression,35
least three,35
bar image,35
cell activation,35
brain atlas,35
test data,35
kegg pathway,35
expression left,35
cell value,35
tsne visualization,35
represent median,35
cell trajectory,35
plot data,34
panel show,34
high low,34
row gene,34
count cell,34
number read,34
mapped read,34
biological replicate,34
regulated gene,34
chart showing,34
expression human,34
cell gray,34
neuronal cell,34
sequencing depth,34
arrow point,34
proliferating cell,34
three cell,34
replicates per,34
select gene,34
pooled two,34
cell versus,34
mouse left,34
gene color,34
normalized count,34
significantly different,34
developmental time,34
percentage total,34
size represents,34
cell macrophage,34
axis gene,34
boxplots showing,34
percentile whisker,34
experiment representative,34
test performed,34
one mouse,34
killer cell,34
correlation expression,33
indicate gene,33
ﬂuorescence intensity,33
neuron cluster,33
expression difference,33
map cell,33
cell according,33
expression right,33
plot right,33
boxed region,33
green blue,33
randomly selected,33
column cell,33
color key,33
cell pca,33
used identify,33
represent sem,33
sem see,33
least two,33
nucleus stained,33
representative example,33
unique gene,33
distribution number,33
pattern gene,33
cell relative,33
expression dynamic,33
facs analysis,33
axis cell,33
human fetal,33
day mouse,33
gene degs,33
expression normalized,33
cell detected,33
cluster dot,33
cell transduced,33
umis per,33
experiment repeated,33
paired test,33
cluster axis,33
top degs,33
umap representation,33
neuron cell,32
transcriptome analysis,32
type expression,32
multiple cell,32
based cell,32
regulatory network,32
representative experiment,32
cell cultured,32
ontology analysis,32
score calculated,32
binding site,32
cell nucleus,32
mean gene,32
transcript level,32
bar right,32
cycle gene,32
transcriptional signature,32
radial glia,32
express gene,32
number indicate,32
right bar,32
subpopulation cell,32
number unique,32
gene right,32
experiment one,32
experiment data,32
cell comparison,32
depicting expression,32
mouse shown,32
mouse injected,32
gene two,32
three time,32
represent gene,32
indicated arrow,32
type cluster,32
islet cell,32
showing mean,32
plot top,32
test cell,32
cell similar,32
cluster column,32
cell transcriptomes,32
cell healthy,32
cell related,32
top five,32
differentially expressed gene,449
extended data fig,246
violin plot showing,179
plot showing expression,159
three independent experiment,153
two independent experiment,147
gene expression level,133
gene differentially expressed,115
error bar represent,114
mouse per group,114
stochastic neighbor embedding,109
principal component analysis,108
gene expression profile,106
fisher exact test,104
error bar indicate,103
expression marker gene,94
expression level gene,92
top differentially expressed,92
false discovery rate,90
marker gene expression,89
bar plot showing,89
cell cell cell,81
source data file,81
pearson correlation coefficient,78
heat map showing,78
provided source data,78
gene expression pattern,76
multiple comparison test,75
data presented mean,73
gene set enrichment,72
differential expression analysis,70
differential gene expression,70
see supplementary fig,69
source data provided,69
cell scale bar,67
dot plot showing,66
scale bar quantification,65
data provided source,63
selected marker gene,62
gene expression value,62
expression selected gene,61
different cell type,61
heatmap showing expression,61
showing expression level,61
uniform manifold approximation,61
fig extended data,60
see star method,60
manifold approximation projection,60
represents single cell,59
cell type cell,59
dot represents one,59
percentage cell expressing,59
average expression level,58
relative expression level,58
gene expression cell,58
representative two independent,58
discovery rate fdr,57
cell type identified,57
set enrichment analysis,56
data represented mean,56
log fold change,56
transcript per million,55
scale bar represent,55
normalized enrichment score,55
scale bar see,54
average gene expression,54
cell colored according,54
see figure table,54
colored cell type,54
component analysis pca,53
major cell type,53
across cell type,53
different time point,53
see extended data,52
mouse scale bar,52
venn diagram showing,51
fig supplementary table,51
cluster violin plot,51
volcano plot showing,51
rank sum test,50
mean expression level,49
wilcoxon rank sum,49
per time point,49
approximation projection umap,49
flow cytometry analysis,48
independent experiment mouse,48
smooth muscle cell,46
umap plot showing,46
cell gene expression,45
gene ontology term,45
first third quartile,44
representative three independent,44
unpaired student test,44
post hoc test,44
bar indicate mean,43
marker gene cell,43
data representative two,43
represent mean sem,43
number cell per,43
shown mean sem,43
stochastic neighbour embedding,43
expressed gene cell,42
scale bar left,42
error bar sem,41
blue scale bar,41
value calculated using,41
gene cell type,41
violin plot show,41
bar represent mean,41
statistical significance determined,41
three biological replicates,40
gene expression analysis,40
number gene detected,40
expression level selected,40
unique molecular identifier,40
scale bar representative,40
marker gene cluster,40
representative facs plot,40
total number cell,40
showing relative expression,39
gene expression data,39
unsupervised hierarchical clustering,39
normalized gene expression,39
violin plot expression,39
represented mean sem,39
marker gene across,39
flow cytometry plot,38
expressed gene cluster,38
data fig supplementary,37
test error bar,37
cell type gene,37
cell type marker,37
four independent experiment,36
gene per cell,36
single cell cell,36
immune cell type,36
scale bar represents,36
expression selected marker,36
right scale bar,36
cell type shown,36
tsne plot cell,36
represents individual cell,35
gene expression change,35
detected per cell,35
cell cell type,35
gene across cell,35
heatmap differentially expressed,35
data shown mean,35
scale bar image,35
dashed line indicate,35
change gene expression,35
neighbor embedding tsne,35
gene expression across,35
data represent mean,35
indicated time point,35
analysis performed using,35
identified cell type,35
cell violin plot,35
per cell type,34
showing gene expression,34
representative flow cytometry,34
expression level indicated,33
fold change gene,33
read per cell,33
key marker gene,33
represents one cell,33
plot showing cell,33
feature plot showing,33
plot gene expression,32
cell cycle gene,32
annotated cell type,32
cell expressing gene,32
cell colored cell,32
showing differentially expressed,32
natural killer cell,32
plot showing distribution,32
gene ontology analysis,31
indicated cell type,31
error bar show,31
gene expression gene,31
data representative three,31
expression cell type,31
plasmacytoid dendritic cell,31
correlation gene expression,30
expression single cell,30
relative expression gene,30
cell color coded,30
count per million,30
expression level cell,30
experiment mouse per,30
mean error bar,30
dot represents cell,30
see material method,29
normalized expression level,29
analysis gene expression,29
highly variable gene,29
two biological replicates,29
cell colored cluster,29
time point cell,29
cell type cluster,29
neighbor embedding plot,29
presented mean sem,29
gene ontology enrichment,28
using wilcoxon test,28
bar represent sem,28
gene cell cluster,28
bar represent standard,28
tukey multiple comparison,28
line median box,28
cluster marker gene,28
box plot show,28
biologically independent sample,28
plot showing gene,28
scatter plot showing,27
analysis single cell,27
expression known marker,27
cell total cell,27
significantly differentially expressed,27
single cell colored,27
gene expression signature,27
cell cluster identified,27
average expression gene,27
expression indicated gene,27
cell marker gene,27
dashed line indicates,26
based gene expression,26
relative gene expression,26
number detected gene,26
cell sorting facs,26
fig supplementary fig,26
gene detected per,26
known marker gene,26
respectively scale bar,26
showing expression selected,26
shown violin plot,26
expressed gene degs,26
showing expression gene,26
dot represents single,26
time interquartile range,26
tukey post hoc,26
mouse mouse per,26
cell heat map,25
cell type expression,25
within cell type,25
expression profile cell,25
bar indicate standard,25
white arrow indicate,25
symbol represents individual,25
bar left right,25
gene expression cluster,25
expression violin plot,25
schematic experimental design,25
specific cell type,25
value wilcoxon test,25
top marker gene,25
dot represents individual,25
scale bar data,25
plot expression level,24
see supplementary table,24
image scale bar,24
cell expressing marker,24
mean expression gene,24
gene expression heatmap,24
arrow indicate cell,24
diagram showing overlap,24
scaled expression value,24
pooled two independent,24
map showing expression,24
likelihood ratio test,24
gene across cluster,24
box plot showing,24
dapi blue scale,24
cell within cluster,24
facs plot showing,24
expression level marker,24
biological replicates per,24
flow cytometric analysis,24
ne normalized enrichment,24
umis per cell,24
red dashed line,23
represents percentage cell,23
differential expression gene,23
bar graph showing,23
clustering single cell,23
indicate standard deviation,23
cell type human,23
cell right panel,23
single cell data,23
expression pattern gene,23
transcript per cell,23
mean expression value,23
count per cell,23
standard error mean,23
cell type across,23
data mean sem,23
cell per cluster,23
cell endothelial cell,23
interquartile range iqr,23
rna situ hybridization,23
individual data point,22
spearman rank correlation,22
pie chart showing,22
cell cycle phase,22
expression value gene,22
expression differentially expressed,22
gene single cell,22
plot show distribution,22
test scale bar,22
tpm transcript per,22
expression level representative,22
data point represents,22
nucleus stained dapi,22
cell cluster cell,22
across single cell,22
scale bar schematic,22
data pooled two,22
proportion cell expressing,22
cell type right,22
scale bar right,22
cell type top,22
plot showing differentially,22
cell type heatmap,22
representative image shown,22
tsne plot showing,22
representative confocal image,22
gene fold change,22
day scale bar,22
anova tukey post,22
according cell type,21
embryonic stem cell,21
cell error bar,21
analysis differentially expressed,21
single cell color,21
experiment scale bar,21
scale bar top,21
expression gene cell,21
analyzed flow cytometry,21
normalized expression gene,21
cluster gene expression,21
dot size represents,21
expression gene associated,21
statistical analysis performed,21
plot show median,21
enrichment analysis gsea,21
cell type color,21
mean sem see,21
cell natural killer,21
cell population identified,21
dot plot expression,21
global gene expression,20
number differentially expressed,20
level selected gene,20
error bar denote,20
expression across cell,20
heat map gene,20
green scale bar,20
per million mapped,20
distinct cell type,20
comparison gene expression,20
spearman correlation coefficient,20
percentage cell cluster,20
plot single cell,20
following supplement available,20
heatmap gene expression,20
representative ﬂow cytometry,20
showing expression pattern,20
independent experiment shown,20
independent biological replicates,20
represents one mouse,20
single cell transcriptomes,20
embedding tsne plot,20
indicate mean sem,20
upper lower quartile,20
representative independent experiment,20
correction multiple comparison,20
represent mean value,19
highly expressed gene,19
gene highly expressed,19
indicate confidence interval,19
cell surface marker,19
total number gene,19
data single cell,19
heatmap showing relative,19
first two principal,19
target gene expression,19
enrichment score ne,19
bone marrow cell,19
cell colored based,19
oligodendrocyte precursor cell,19
mean fluorescence intensity,19
cell tsne plot,19
mouse per time,19
heatmap showing gene,19
marker gene shown,19
analysis variance anova,19
human mouse cell,19
cell type mouse,19
type cell type,19
anova multiple comparison,19
stacked bar plot,19
plot showing percentage,19
sidak multiple comparison,19
median interquartile range,19
immune cell population,19
expression fold change,19
doi http following,19
gene row across,19
significance calculated using,19
violin plot gene,19
plot marker gene,19
percentage cell within,19
cell umap plot,19
umap plot cell,19
umap visualization cell,19
neural stem cell,18
plot showing relative,18
two principal component,18
multiple cell type,18
scale bar inset,18
distribution cell type,18
cell type indicated,18
retinal ganglion cell,18
bar graph represent,18
gene set gene,18
least one cell,18
mouse per genotype,18
mean ﬂuorescence intensity,18
top variable gene,18
independent experiment data,18
flow cytometry data,18
cluster heatmap showing,18
cell type left,18
heatmap top gene,18
assigned cell type,18
cell extended data,18
across time point,18
cell heatmap showing,18
representative marker gene,18
different cell cluster,18
bar show mean,18
smc smooth muscle,18
plot differentially expressed,18
continued next page,18
marker gene identified,18
proportion cell type,18
white arrowhead indicate,18
represents average expression,18
per group data,18
blue low expression,17
high expression level,17
according expression level,17
magnification scale bar,17
million mapped read,17
expression profile gene,17
allen brain atlas,17
expressed gene across,17
molecular identifier umi,17
color bar top,17
student test see,17
value fisher exact,17
experiment error bar,17
gene regulatory network,17
three time point,17
transcription start site,17
inferred cell type,17
developmental time point,17
enrichment analysis gene,17
individual cell colored,17
showing mean expression,17
expression key gene,17
arrow scale bar,17
cell cell colored,17
cluster heat map,17
five independent experiment,17
level indicated gene,17
plot show expression,17
cell type within,17
level marker gene,17
red high expression,17
gene expression selected,17
cell colored expression,17
across cell cluster,17
cluster dot plot,17
right bar plot,17
onto tsne plot,17
expression key marker,17
cluster color coded,17
cell cluster shown,17
group error bar,17
distribution expression level,17
epithelial cell type,17
plot depicting expression,17
showing expression marker,17
represent standard error,17
pathway enrichment analysis,17
replicates per group,17
using unpaired student,17
projection umap plot,17
pdc plasmacytoid dendritic,17
gene expression difference,16
cancer cell line,16
cell pearson correlation,16
expression transcription factor,16
mean standard deviation,16
shown scale bar,16
hierarchical clustering gene,16
expressed gene identified,16
single cell shown,16
pairwise pearson correlation,16
mrna expression level,16
data fig cell,16
gene expression correlation,16
calculated using test,16
enriched gene ontology,16
upregulated downregulated gene,16
based marker gene,16
mean gene expression,16
independent experiment one,16
cell see table,16
single cell gene,16
clustering gene expression,16
cell data representative,16
cell type composition,16
mean value sem,16
gene expression dynamic,16
gene violin plot,16
transcription factor expression,16
mouse brain atlas,16
test see table,16
type marker gene,16
pearson correlation analysis,16
significance determined using,16
anova followed tukey,16
identification cell type,16
showing normalized expression,16
wilcoxon test used,16
cell cluster cluster,16
expression color bar,16
select marker gene,16
showing average expression,16
gene per cluster,16
bar representative image,16
used statistical analysis,16
plot showing average,16
violin plot representing,16
ganglion cell layer,16
sem student test,16
outer nuclear layer,16
cell dendritic cell,16
dotted line indicate,15
distinct cell population,15
read per million,15
cell expression level,15
mean confidence interval,15
cell type using,15
gene heat map,15
expression analysis performed,15
phase cell cycle,15
represent standard deviation,15
differentially regulated gene,15
canonical marker gene,15
single cell column,15
expression individual cell,15
using fisher exact,15
level gene expression,15
plot cell colored,15
arrowhead scale bar,15
expression level shown,15
colored cluster identity,15
left right cell,15
cell row represents,15
quantification percentage cell,15
expression pattern representative,15
cell type column,15
counterstained dapi blue,15
independent experiment performed,15
bar graph show,15
mouse error bar,15
vertical dashed line,15
right violin plot,15
cell ordered pseudotime,15
start site tss,15
per million tpm,15
genome browser view,15
dapi scale bar,15
heatmap top differentially,15
per cell cell,15
mean sem shown,15
different cell population,15
showing fold change,15
vascular smooth muscle,15
main cell type,15
cell type see,15
using student test,15
showing scaled expression,15
group scale bar,15
red dapi blue,15
peripheral blood mononuclear,15
blood mononuclear cell,15
plot showing number,15
representative dot plot,15
cell type defined,15
proportion cell cluster,15
lower quartile whisker,15
row across cell,15
normalized expression value,15
number cell cluster,15
indicates percentage cell,15
number cell cell,15
showing distribution cell,15
independent experiment mean,15
hallmark gene set,15
heatmap showing scaled,15
cell dot plot,15
inner nuclear layer,15
dot plot depicting,15
red scale bar,14
cell gene detected,14
gene expression single,14
expression level across,14
cell single cell,14
gene expressed cell,14
plot showing proportion,14
rna sequencing analysis,14
cell time point,14
single cell expression,14
expression cell cycle,14
stem cell marker,14
cell dashed line,14
column represents single,14
confocal image showing,14
one cell type,14
third quartile whisker,14
western blot analysis,14
expression gene set,14
cell among cell,14
independent experiment three,14
cell type average,14
relative proportion cell,14
dissociated single cell,14
red line indicates,14
area curve auc,14
cell rna sequencing,14
comparing gene expression,14
single cell rna,14
red blood cell,14
gene expression shown,14
left middle right,14
cell type based,14
bar indicate sem,14
difference gene expression,14
colored expression level,14
adult mouse brain,14
determined flow cytometry,14
gene expression marker,14
indicate cell type,14
tissue scale bar,14
umi count per,14
gating strategy identify,14
cluster percentage cell,14
yellow high expression,14
expression pattern selected,14
high gene expression,14
per group scale,14
expression indicated marker,14
per group error,14
size dot represents,14
cell cluster defined,14
median box limit,14
http following supplement,14
volcano plot differentially,14
cluster cell cluster,14
showing expression top,14
differentially expressed cluster,14
replicates scale bar,14
sem unpaired test,14
median first third,14
average log fold,14
middle line median,14
rna velocity analysis,14
canonical correlation analysis,14
mouse two independent,14
data representative independent,14
inl inner nuclear,14
student test performed,14
expression value selected,14
stacked bar chart,14
bright field image,13
cell scatter plot,13
scale bar bottom,13
bar indicate confidence,13
showing total number,13
cell expression profile,13
hierarchical clustering cell,13
two cell type,13
randomly selected cell,13
calculated using wilcoxon,13
type heat map,13
section scale bar,13
cell total number,13
red green blue,13
cell representative image,13
expressed gene gene,13
red dot indicate,13
retinal cell type,13
cell type schematic,13
data one experiment,13
representative three experiment,13
expressed gene within,13
average scaled expression,13
dotted line mark,13
showing pearson correlation,13
statistically significant difference,13
ﬂuorescence intensity mfi,13
different developmental stage,13
gene gene expression,13
expression gene expression,13
green dapi blue,13
cell dot size,13
single cell analysis,13
data three independent,13
red dotted line,13
using wilcoxon rank,13
inner plexiform layer,13
overview experimental design,13
cell type label,13
cell blue cell,13
anova tukey multiple,13
expression level axis,13
expression level color,13
expressed cell type,13
selected differentially expressed,13
heat map top,13
rna sequencing data,13
distinct gene expression,13
showing number cell,13
gene signature cell,13
cell percentage cell,13
pearson correlation value,13
heatmap marker gene,13
cluster compared cluster,13
showing percentage cell,13
gene highlighted red,13
heat map representing,13
expression top differentially,13
expression representative marker,13
color represent cell,13
passed quality control,13
provided supplementary table,13
anova post hoc,13
size represents percentage,13
mean sem anova,13
cell type plot,13
cell coloured according,13
normalized umi count,13
expression value top,13
cell isolated mouse,13
cell type distribution,13
mean sem unpaired,13
expression level cluster,13
biologically independent mouse,13
cell type annotation,13
enrichment analysis using,13
umap projection cell,13
expression level normalized,12
variation gene expression,12
gene individual cell,12
heat map expression,12
number gene expressed,12
pca single cell,12
total single cell,12
single cell sorted,12
hierarchical clustering analysis,12
cell projected onto,12
full gene list,12
transcription factor tfs,12
maximum intensity projection,12
gene whose expression,12
level selected marker,12
gene expression within,12
expression gene row,12
corresponds single cell,12
signature gene expression,12
gene expression individual,12
box whisker plot,12
significantly enriched gene,12
supplementary fig supplementary,12
cell type red,12
transcription factor gene,12
dashed line represent,12
point represents single,12
represent confidence interval,12
cell color indicate,12
fraction cell expressing,12
cell left cell,12
major cell class,12
analyzed ﬂow cytometry,12
variant allele frequency,12
given cell type,12
differentially expressed across,12
bulk rna sequencing,12
shown different color,12
schematic representation experimental,12
black arrow indicate,12
based cell type,12
young old mouse,12
cluster cluster cluster,12
cell within cell,12
mouse bone marrow,12
selected gene across,12
panel scale bar,12
dot plot gene,12
cell high expression,12
single cell isolated,12
type violin plot,12
situ hybridization ish,12
score cell type,12
cell venn diagram,12
gene expression space,12
shown supplementary fig,12
marker scale bar,12
endo endothelial cell,12
expression select gene,12
sem scale bar,12
ontology enrichment analysis,12
panel lower panel,12
upper panel lower,12
bar plot show,12
dynamic gene expression,12
three cell type,12
indicated scale bar,12
showing marker gene,12
mouse bar graph,12
cell type proportion,12
showing number gene,12
showing expression key,12
plot cell type,12
scale bar bar,12
opc oligodendrocyte precursor,12
violin plot depicting,12
representative two experiment,12
selected gene cell,12
time point shown,12
dot represents gene,12
gene expression variance,12
per million read,12
cell type determined,12
high expression blue,12
cell differentially expressed,12
indicates low high,12
heatmap showing top,12
gene cluster cluster,12
cluster cell type,12
cell peripheral blood,12
number cell expressing,12
anova sidak multiple,12
ﬂow cytometry representative,12
center line median,12
top upregulated gene,12
epithelial cell cluster,12
significance determined anova,12
scaled expression level,12
plot showing cluster,12
red blue respectively,12
source data available,12
ﬂow cytometry plot,12
scaled gene expression,12
neuron inhibitory neuron,12
shown tsne plot,12
heat map displaying,12
projected onto tsne,12
cell cluster expression,12
plot showing degs,12
cell treg cell,12
annotated post hoc,12
projected onto plot,12
white dashed line,12
plot showing normalized,12
sample per group,12
identified cell cluster,12
independent experiment scale,12
test see figure,12
value selected gene,12
independent experiment cell,12
biological replicates scale,12
representative contour plot,12
represents expression value,12
gcl ganglion cell,12
onl outer nuclear,12
macrophage dendritic cell,12
see method section,12
peripheral blood cell,12
umap embedding cell,12
hierarchical clustering single,11
schematic diagram showing,11
colored according cell,11
gene see table,11
based expression known,11
cell per cell,11
highly expressed cell,11
panel right panel,11
bar plot right,11
single cell using,11
cell type different,11
fragment per kilobase,11
flow cytometric plot,11
cell cycle state,11
showing proportion cell,11
row represents single,11
indicates expression level,11
read per kilobase,11
expression gene across,11
cell type bar,11
interquartile range box,11
umi unique molecular,11
distribution gene expression,11
line scale bar,11
single cell cluster,11
presented violin plot,11
expression gene cluster,11
dotted line indicates,11
row gene column,11
cluster cell cell,11
fluorescent situ hybridization,11
data point represent,11
gene expression among,11
cell cycle progression,11
fold change relative,11
cell type including,11
cell red cell,11
single cell sequencing,11
cell based expression,11
scale bar indicate,11
blue green red,11
colored according expression,11
data cell type,11
selected gene ontology,11
using ﬂow cytometry,11
pooled three independent,11
cell expression pattern,11
myeloid cell cell,11
average expression marker,11
yellow arrow indicate,11
cpm count per,11
color bar indicates,11
gene higher expression,11
presented mean value,11
individual cell cell,11
replicates error bar,11
cell type row,11
expressed transcription factor,11
cell type identity,11
colored according cluster,11
independent experiment statistical,11
least three independent,11
allen mouse brain,11
mouse cell type,11
double positive cell,11
indicated gene expression,11
cluster single cell,11
dunn multiple comparison,11
cell bar plot,11
bar see table,11
neuronal cell type,11
measured flow cytometry,11
cell top right,11
red dot represent,11
cell type sample,11
fold change cell,11
cell flow cytometry,11
cell stromal cell,11
low high gene,11
cell cluster gene,11
red arrow indicate,11
plot showing fraction,11
cell express gene,11
cell passed quality,11
median upper lower,11
cell smc smooth,11
qpcr analysis expression,11
airway epithelial cell,11
based differential expression,11
expression scale bar,11
color scale indicates,11
limit upper lower,11
box limit upper,11
visualization single cell,11
marker gene used,11
gene along pseudotime,11
quartile whisker show,11
significant differentially expressed,11
cluster tsne plot,11
number cell type,11
unsupervised clustering cell,11
neighbour embedding plot,11
cell cluster right,11
independent sample per,11
unsupervised clustering analysis,11
fdr false discovery,11
low red high,11
top differentially expressed gene,86
violin plot showing expression,81
provided source data file,75
source data provided source,63
data provided source data,63
uniform manifold approximation projection,60
fig extended data fig,59
false discovery rate fdr,57
representative two independent experiment,57
gene set enrichment analysis,55
principal component analysis pca,51
manifold approximation projection umap,49
see extended data fig,48
wilcoxon rank sum test,44
representative three independent experiment,43
extended data fig supplementary,36
data represented mean sem,36
data representative two independent,32
heatmap differentially expressed gene,31
stochastic neighbor embedding tsne,31
differentially expressed gene cluster,30
differentially expressed gene cell,29
error bar indicate mean,28
error bar represent sem,28
tukey multiple comparison test,28
showing differentially expressed gene,28
plot showing expression level,27
data fig supplementary table,27
error bar represent standard,26
error bar indicate standard,25
scale bar left right,25
differentially expressed gene degs,25
stochastic neighbor embedding plot,25
data presented mean sem,25
representative flow cytometry plot,25
venn diagram showing overlap,24
pooled two independent experiment,24
ne normalized enrichment score,24
tukey post hoc test,24
dot plot showing expression,24
data representative three independent,23
dapi blue scale bar,23
experiment mouse per group,23
mouse mouse per group,23
tpm transcript per million,22
cell colored cell type,22
plot showing differentially expressed,22
data represent mean sem,22
dot represents single cell,22
independent experiment mouse per,22
bar indicate standard deviation,21
expression selected marker gene,21
cell natural killer cell,21
anova tukey post hoc,21
feature plot showing expression,21
expression level selected gene,20
cell cell cell cell,20
gene detected per cell,20
box plot show median,20
set enrichment analysis gsea,20
number differentially expressed gene,19
analysis differentially expressed gene,19
mouse per time point,19
data shown mean sem,19
bar indicate mean sem,19
first two principal component,18
expression differentially expressed gene,18
cell extended data fig,18
differential gene expression analysis,18
sidak multiple comparison test,18
smc smooth muscle cell,18
percentage cell expressing gene,18
per million mapped read,17
unique molecular identifier umi,17
value fisher exact test,17
normalized enrichment score ne,17
expression level marker gene,17
heatmap showing expression level,17
dot represents one cell,17
percentage cell expressing marker,17
bar represent standard error,17
approximation projection umap plot,17
pdc plasmacytoid dendritic cell,17
heatmap showing relative expression,16
differentially expressed gene across,16
statistical analysis performed using,16
cluster violin plot showing,16
neighbor embedding tsne plot,16
scale bar representative image,16
differentially expressed gene identified,15
extended data fig cell,15
using fisher exact test,15
number gene detected per,15
fold change gene expression,15
expression level indicated gene,15
heatmap top differentially expressed,15
dot represents one mouse,15
cell type marker gene,15
two independent experiment mouse,15
volcano plot showing differentially,15
error bar represent mean,15
bar represent mean sem,15
upper lower quartile whisker,15
gene row across cell,15
biological replicates per group,15
data pooled two independent,14
error bar indicate sem,14
transcript per million tpm,14
cell type cell type,14
statistical significance determined using,14
plot showing expression selected,14
per group scale bar,14
peripheral blood mononuclear cell,14
per group error bar,14
http following supplement available,14
showing expression marker gene,14
average log fold change,14
data representative independent experiment,14
inl inner nuclear layer,14
error bar indicate confidence,13
column represents single cell,13
violin plot show distribution,13
heat map showing expression,13
representative facs plot showing,13
anova tukey multiple comparison,13
dot represents individual cell,13
test error bar represent,13
expression key marker gene,13
line median box limit,13
doi http following supplement,13
plot showing gene expression,13
cell violin plot showing,13
median first third quartile,13
size represents percentage cell,13
represents percentage cell expressing,13
represent standard error mean,13
plot differentially expressed gene,13
mouse two independent experiment,13
gene expression single cell,12
bar indicate confidence interval,12
data three independent experiment,12
bar represent standard deviation,12
gene ontology enrichment analysis,12
upper panel lower panel,12
opc oligodendrocyte precursor cell,12
anova sidak multiple comparison,12
expression known marker gene,12
statistical significance determined anova,12
expression top differentially expressed,12
heatmap showing scaled expression,12
independent experiment scale bar,12
biological replicates scale bar,12
differential expression analysis performed,12
onl outer nuclear layer,12
gcl ganglion cell layer,12
significantly differentially expressed gene,11
relative expression level gene,11
enriched gene ontology term,11
marker gene cell type,11
single cell rna sequencing,11
transcription start site tss,11
pooled three independent experiment,11
cpm count per million,11
using wilcoxon rank sum,11
least three independent experiment,11
represents single cell cell,11
cell differentially expressed gene,11
mouse per group error,11
cell smc smooth muscle,11
marker gene across cluster,11
median box limit upper,11
box limit upper lower,11
limit upper lower quartile,11
volcano plot differentially expressed,11
violin plot showing distribution,11
selected differentially expressed gene,11
test error bar sem,11
fdr false discovery rate,11
per mouse mouse per,11
plot showing normalized expression,11
represents average expression level,11
mean sem unpaired test,11
mean sem student test,11
layer inl inner nuclear,11
expression value selected gene,11
expression marker gene cell,11
standard error mean sem,11
average gene expression level,10
left panel right panel,10
calculated using wilcoxon test,10
hierarchical clustering single cell,10
unique molecular identifier umis,10
bar graph represent mean,10
cell type heat map,10
mean ﬂuorescence intensity mfi,10
heat map showing relative,10
biological replicates error bar,10
cell different time point,10
anova multiple comparison test,10
umi count per cell,10
scale bar see table,10
high expression blue low,10
expression blue low expression,10
represent mean error bar,10
mouse per group scale,10
error bar show mean,10
vascular smooth muscle cell,10
center line median box,10
gene significantly differentially expressed,10
plot showing expression gene,10
significant differentially expressed gene,10
cell passed quality control,10
stochastic neighbour embedding plot,10
gene differentially expressed cluster,10
indicates percentage cell expressing,10
size indicates percentage cell,10
bar plot showing average,10
middle line median box,10
violin plot marker gene,10
plot showing expression marker,10
selected marker gene cluster,10
nucleus stained dapi blue,10
differentially expressed gene within,10
right bar plot showing,10
box edge percentile whisker,10
median box edge percentile,10
percentile whisker extreme point,10
edge percentile whisker extreme,10
mean error bar represent,10
using unpaired student test,10
mouse per group data,10
umap plot showing cell,10
volcano plot showing degs,10
cluster extended data fig,10
layer gcl ganglion cell,10
per measurement measurement per,10
measurement measurement per mouse,10
measurement per mouse mouse,10
crypt per measurement measurement,10
source data available online,10
analysis performed using unpaired,10
biologically independent sample per,10
data presented mean value,10
based expression known marker,9
cell see extended data,9
row represents single cell,9
level selected marker gene,9
cell heat map showing,9
first third quartile whisker,9
umi unique molecular identifier,9
based differentially expressed gene,9
based marker gene expression,9
independent experiment error bar,9
showing expression selected gene,9
scale bar image representative,9
differentially expressed gene row,9
cell total number cell,9
heat map differentially expressed,9
gene expression profile cell,9
single cell colored according,9
cell colored according cluster,9
two three independent experiment,9
plot showing relative expression,9
showing relative expression level,9
allen mouse brain atlas,9
cell fig extended data,9
dunn multiple comparison test,9
count per million cpm,9
followed tukey multiple comparison,9
scale bar see figure,9
plot showing expression distribution,9
indicates low high gene,9
red indicates low high,9
low high gene expression,9
expression level selected marker,9
student test error bar,9
group error bar indicate,9
point represents single cell,9
bar represent mean value,9
spearman rank correlation coefficient,9
show median first third,9
projected onto tsne plot,9
cell type heatmap showing,9
kyoto encyclopedia gene genome,9
representative independent experiment mouse,9
cell type gene expression,9
violin plot showing normalized,9
whisker extreme point exceed,9
line median box edge,9
representative ﬂow cytometry plot,9
mean unpaired student test,9
shown extended data fig,9
ipl inner plexiform layer,9
showing expression selected marker,9
data analyzed wilcoxon test,9
value calculated using test,9
umap uniform manifold approximation,9
red high blue low,8
global gene expression profile,8
per kilobase transcript per,8
differentially expressed gene shown,8
bar plot showing proportion,8
value calculated using wilcoxon,8
supplementary fig supplementary table,8
bar represent confidence interval,8
error bar represent confidence,8
single cell gene expression,8
map showing expression selected,8
plot comparing gene expression,8
differentially expressed gene two,8
three independent experiment one,8
expressed gene cell cluster,8
map showing relative expression,8
map differentially expressed gene,8
differentially expressed transcription factor,8
heatmap showing gene expression,8
three independent experiment shown,8
cell colored according cell,8
plot showing expression key,8
cell type time point,8
result shown mean sem,8
flow cytometry dot plot,8
two independent experiment shown,8
three biological replicates per,8
bar plot showing percentage,8
mouse three independent experiment,8
least two independent experiment,8
number detected gene per,8
detected gene per cell,8
extended data fig method,8
anova followed tukey multiple,8
represented mean sem see,8
blue red indicates low,8
color key blue red,8
key blue red indicates,8
dunnett multiple comparison test,8
marker gene expression cluster,8
cell colored time point,8
test significant error bar,8
molecular identifier umi count,8
extended data fig gene,8
row across cell column,8
red high expression blue,8
violin plot showing gene,8
cluster map showing expression,8
chromatin accessibility gene expression,8
discovery rate fdr value,8
violin plot gene expression,8
dot size represents percentage,8
green red dapi blue,8
mean sem scale bar,8
stacked bar plot showing,8
mouse per group representative,8
cell per cell type,8
dot plot expression level,8
analysis performed using wilcoxon,8
differentially expressed gene gene,8
test see figure table,8
layer ipl inner plexiform,8
cell pdc plasmacytoid dendritic,8
rpe retinal pigment epithelium,8
tsne cluster map showing,8
red dashed line give,8
dashed line give boundary,8
source data panel provided,8
represent mean value sem,8
point represents biological replicate,8
colored according cell type,7
error bar standard deviation,7
kilobase transcript per million,7
selected gene differentially expressed,7
onto first two principal,7
gene expression individual cell,7
gene expression level gene,7
top row bottom row,7
per kilobase per million,7
rpkm read per kilobase,7
using stochastic neighbor embedding,7
expression across cell type,7
clustering single cell based,7
symbol represents individual cell,7
fisher exact test bonferroni,7
data representative three experiment,7
cell within cell type,7
three independent experiment performed,7
expression selected gene across,7
rbc red blood cell,7
spleen recipient mouse day,7
expression violin plot expression,7
value within interquartile range,7
hierarchical clustering gene expression,7
gene ontology term associated,7
three independent experiment data,7
violin plot show expression,7
cell type violin plot,7
average expression marker gene,7
cell colored expression level,7
transcript per million mapped,7
plot showing expression pattern,7
mean three independent experiment,7
allen developing mouse brain,7
developing mouse brain atlas,7
four mouse per group,7
mouse per group mean,7
test dunn multiple comparison,7
expression cell type marker,7
data representative two experiment,7
expression pattern selected gene,7
fresh red cryopreserved blue,7
based distribution purple yellow,7
rgc retinal ganglion cell,7
two independent biological replicates,7
bar plot showing fraction,7
bar plot showing number,7
dot corresponds single cell,7
significant error bar represent,7
venn diagram showing number,7
scale bar low magnification,7
extended data fig cluster,7
top panel bottom panel,7
gene violin plot showing,7
mean expression level gene,7
showing expression level gene,7
scale bar right quantification,7
normalized gene expression level,7
expression representative marker gene,7
five differentially expressed gene,7
stochastic neighbor embedding visualization,7
mouse error bar sem,7
point represent biological replicates,7
violin plot expression level,7
component analysis pca plot,7
identified differential expression analysis,7
showing expression level representative,7
excitatory neuron inhibitory neuron,7
plot showing distribution cell,7
blue frame red frame,7
cell blue frame red,7
result representative two independent,7
stratum oriens stratum pyramidale,7
stratum pyramidale stratum radiatum,7
oriens stratum pyramidale stratum,7
marker extended data fig,7
arrow cell scale bar,7
violin plot representing distribution,7
plot marker gene expression,7
independent experiment mean sem,7
across different cell type,7
heatmap showing mean expression,7
showing top differentially expressed,7
mhc major histocompatibility complex,7
flow cytometry plot left,7
cell three independent experiment,7
showing normalized expression level,7
three independent experiment mouse,7
shown mean sem significant,7
independent experiment statistical significance,7
canonical correlation analysis cca,7
bar whisker denote mean,7
flow cytometry plot showing,7
representative flow cytometric plot,7
high expression dark blue,7
colored annotated cell type,7
nuclear layer ipl inner,7
inner nuclear layer ipl,7
image converted intensity map,7
single channel image converted,7
channel image converted intensity,7
level gene expression cell,7
colour corresponds level gene,7
corresponds level gene expression,7
dot colour corresponds level,7
gene per cell type,7
wilcoxon test see table,7
test biologically independent sample,7
data point represents biological,7
data panel provided source,7
panel provided source data,7
data represent independent experiment,7
plot showing cell type,7
map representing scaled expression,7
representing scaled expression value,7
heat map representing scaled,7
aec arterial endothelial cell,7
pooling three biological replicates,7
analyzed wilcoxon test see,7
biological replicates per experimental,7
plot derived pooling three,7
derived pooling three biological,7
replicates per experimental condition,7
scale bar quantification experiment,7
projected onto first two,6
gene expression level expressed,6
component analysis pca single,6
analysis pca single cell,6
fragment per kilobase transcript,6
showing relative expression gene,6
gene differentially expressed two,6
million read per cell,6
total number gene detected,6
plot showing proportion cell,6
cell gene expression profile,6
calculated using fisher exact,6
scale bar lateral ventricle,6
cell cycle gene expression,6
scale bar represent see,6
single cell colored cluster,6
heat map showing average,6
principal component analysis gene,6
gene ontology biological process,6
expressed gene cell type,6
overlap differentially expressed gene,6
gene differentially expressed across,6
scale bar schematic representation,6
expression pattern representative gene,6
average scaled expression value,6
gene expression level single,6
colored based cell type,6
gene expression profile cluster,6
volcano plot comparing gene,6
result three independent experiment,6
represents proportion cell expressing,6
single cell cell colored,6
mouse embryonic stem cell,6
colored based cluster cell,6
based cluster cell belong,6
point colored based cluster,6
selected gene ontology term,6
horizontal line indicate mean,6
doi following supplement available,6
processed two technical batch,6
mouse processed two technical,6
female mouse presented fig,6
three mouse processed two,6
gene row differentially expressed,6
facs plot showing gating,6
plot showing gating strategy,6
presented mean value sem,6
expression value single cell,6
stochastic neighbor embedding projection,6
cell stochastic neighbor embedding,6
student test scale bar,6
showing gene differentially expressed,6
cell type calculated using,6
expression marker gene shown,6
averaged data represent mean,6
gene expression cell type,6
heatmap showing marker gene,6
error bar sem see,6
scale bar top bottom,6
cell type human mouse,6
sem least three independent,6
color indicate cell type,6
scale bar violin plot,6
cell error bar represent,6
sem three independent experiment,6
mouse day adoptive transfer,6
recipient mouse day adoptive,6
gene extended data fig,6
expression selected gene cell,6
differentially expressed gene adjusted,6
differentially expressed gene fdr,6
cell bar plot showing,6
vsm vascular smooth muscle,6
stochastic neighbor embedding analysis,6
pearson correlation gene expression,6
extended data fig found,6
mouse scale bar left,6
number cell per cluster,6
gene expression across cell,6
displayed variable aspect row,6
cell assigned condition fresh,6
transcriptional program gene cluster,6
cryopreserved blue cluster representation,6
single cell based transcriptional,6
cell based transcriptional program,6
row importance row color,6
summarized aspect displayed variable,6
importance row color cell,6
condition indicated fresh circle,6
cluster summarized aspect displayed,6
set transcriptional program gene,6
assigned condition fresh red,6
panel fresh red cryopreserved,6
representation similarity cell using,6
cluster identity condition indicated,6
aspect displayed variable aspect,6
aspect row importance row,6
distance cluster identity condition,6
representation using variable gene,6
indicated fresh circle cryopreserved,6
fresh circle cryopreserved triangle,6
variable aspect row importance,6
identity condition indicated fresh,6
color cell assigned condition,6
row color cell assigned,6
blue cluster representation similarity,6
red cryopreserved blue cluster,6
gene cluster summarized aspect,6
gene set transcriptional program,6
program gene cluster summarized,6
condition fresh red cryopreserved,6
correlating gene set transcriptional,6
cluster representation similarity cell,6
cell type annotated based,6
left panel cell right,6
panel cell right panel,6
right violin plot showing,6
scale bar bar graph,6
expression level signature gene,6
relative expression level selected,6
stochastic neighbour embedding tsne,6
expression level representative gene,6
expression level gene associated,6
correlation gene expression profile,6
independent experiment three mouse,6
indicate highest lowest value,6
median interquartile range iqr,6
whisker indicate highest lowest,6
test error bar indicate,6
gene expression color coded,6
umis detected per cell,6
dot denotes individual gene,6
cell cell natural killer,6
oligodendrocyte opc oligodendrocyte precursor,6
expression violin plot showing,6
representative confocal image showing,6
bar low magnification high,6
low magnification high magnification,6
mouse data presented mean,6
plot center line median,6
box plot center line,6
plot showing percentage cell,6
heatmap showing expression top,6
relative expression selected gene,6
fisher exact test left,6
neighbor embedding plot cell,6
log fold change gene,6
scale bar experiment repeated,6
gene across cell type,6
showing expression representative marker,6
cell colored cluster annotation,6
violin plot displaying expression,6
statistical significance calculated using,6
type extended data fig,6
representative facs plot expression,6
cell expressing marker color,6
marker gene expression level,6
scale bar image inset,6
bar show mean result,6
show mean result representative,6
volcano plot showing gene,6
treg cell treg cell,6
cell heatmap differentially expressed,6
number umis per cell,6
gene expression heatmap top,6
adjusted value wilcoxon test,6
labeled inferred cell type,6
see star method detail,6
boxplots showing expression level,6
plot showing expression indicated,6
mouse per group anova,6
showing gene expression level,6
anterior left scale bar,6
dot plot marker gene,6
mouse week tam treatment,6
cluster cluster cluster cluster,6
average gene expression value,6
cluster marker gene expression,6
mouse given single dose,6
given single dose tamoxifen,6
expression indicated marker gene,6
animal per time point,6
tukey correction multiple comparison,6
experiment two independent experiment,6
gene expression violin plot,6
tsne plot showing cell,6
representative image scale bar,6
see next page legend,6
unpaired student test see,6
data analyzed using unpaired,6
expression analysis performed using,6
dapi blue white arrowhead,6
ten differentially expressed gene,6
gene cluster violin plot,6
using canonical correlation analysis,6
unpaired student test significant,6
mean umis per cell,6
scale bar dashed line,6
dot single cell color,6
experiment statistical significance determined,6
test data presented mean,6
blue white arrowhead indicate,6
cell dot plot expression,6
independent experiment similar result,6
human embryonic stem endothelial,6
embryonic stem endothelial cell,6
gene identified differential expression,6
distribution expression level axis,6
heat map showing gene,6
nuclear layer inl inner,6
outer nuclear layer inl,6
schematic diagram showing experimental,6
diagram showing experimental design,6
performed using wilcoxon rank,6
rank sum test seurat,6
expression level per cluster,6
cell rpe retinal pigment,6
highlighting differentially expressed gene,6
cell cluster violin plot,6
cell type top panel,6
immunostaining follicle diameter growing,6
cluster wilcoxon rank sum,6
layer opl outer plexiform,6
nuclear layer opl outer,6
opl outer plexiform layer,6
mouse model including timeline,6
including timeline tam injection,6
image represents one biological,6
represents one biological replicates,6
irradiation xrt tissue collection,6
data file see supplementary,6
violin plot represents expression,6
plot represents expression value,6
source data file see,6
file see supplementary fig,6
error bar represent statistical,6
bar represent statistical significance,6
mouse bar graph represent,6
graph represent mean error,6
represent statistical significance assessed,6
show pooled independent experiment,6
data show pooled independent,6
approximation projection umap visualization,6
msigdb hallmark gene set,6
significance calculated using test,6
represent mean sem value,6
mean sem value calculated,6
color scale yellow high,6
indicates average expression level,6
sample confocal image immunostaining,6
parental tumor corresponding gbos,6
analysis performed using anova,6
lower quartile whisker show,6
independent sample per group,6
student test biologically independent,6
sample obtained seven patient,6
based data sample obtained,6
data sample obtained seven,6
represent independent experiment mouse,6
tumor tumor per group,6
biological replicate error bar,6
used determine significant difference,6
represents biological replicate error,6
replicate error bar indicate,6
determine significant difference relative,6
cell schwal schwalbe line,6
schnmy nonmyelinating schwann cell,6
gene selectively expressed cell,6
myelinating schwann cell schnmy,6
fibroblast corneal epithelium melano,6
schwalbe line vendo vascular,6
schwal schwalbe line vendo,6
fibro fibroblast corneal epithelium,6
line vendo vascular endothelium,6
schwann cell schnmy nonmyelinating,6
epithelium melano melanocyte macrophage,6
corneal epithelium melano melanocyte,6
schmy myelinating schwann cell,6
nonmyelinating schwann cell schwal,6
cell schnmy nonmyelinating schwann,6
schwann cell schwal schwalbe,6
cell expression marker gene,6
expression fold change selected,6
relative expression fold change,6
scaled expression value top,6
representing group csle chd,6
value top gene defining,6
group csle chd sledai,6
sledai category expression value,6
expression value top gene,6
plot representing group csle,6
csle chd sledai category,6
umap plot representing group,6
chd sledai category expression,6
category expression value selected,6
expression level expressing cell,6
condition data analyzed wilcoxon,6
per experimental condition data,6
experimental condition data analyzed,6
plot wilcox rank test,6
wilcox rank test significant,6
abundance change developmental time,6
bar plot wilcox rank,6
change developmental time course,6
shown bar plot wilcox,6
violin plot indicted material,6
cell principal component analysis,5
differentially expressed gene per,5
haematopoietic stem progenitor cell,5
cell phase cell cycle,5
heat map marker gene,5
cell different cell type,5
gene false discovery rate,5
aligned read per cell,5
scale bar inset magnification,5
represents single cell column,5
point corresponds single cell,5
lge lateral ganglionic eminence,5
heat map gene expression,5
read per kilobase per,5
single cell single cell,5
major cell type cell,5
error bar show standard,5
gene ontology analysis gene,5
gene cell colored according,5
gene expression cell cycle,5
gene ordered hierarchical clustering,5
cell left cell right,5
gene expression relationship among,5
variable gene across cell,5
outlined area indicate percent,5
three independent experiment two,5
number adjacent outlined area,5
analyzed flow cytometry number,5
gene set gene set,5
showing overlap differentially expressed,5
diagram showing overlap differentially,5
diagram showing overlap gene,5
two independent experiment two,5
cell expressing high level,5
gene expression level shown,5
boxplot showing percentage read,5
young top old bottom,5
correlation coefficient color bar,5
pearson correlation coefficient color,5
cell red cell blue,5
left right scale bar,5
independent experiment see table,5
mean expression selected gene,5
green dapi blue scale,5
low expression violin plot,5
supplementary fig scale bar,5
expression pattern marker gene,5
independent experiment one donor,5
mean fluorescence intensity mfi,5
relative gene expression level,5
data two independent experiment,5
white arrow scale bar,5
pooled three mouse processed,5
cell female mouse presented,5
biological replicates generated pool,5
sorting thymus pooled three,5
replicates generated pool thymus,5
inkt cell subset female,5
four pooled biological replicates,5
one experiment one sorting,5
one sorting thymus pooled,5
pooled biological replicates generated,5
subset female mouse presented,5
thymus pooled three mouse,5
experiment one sorting thymus,5
cell subset female mouse,5
cell population single cell,5
expression level cell gene,5
total number cell per,5
gene differentially expressed fdr,5
numerical value see dataset,5
normalized gene expression value,5
showing selected marker gene,5
heatmap showing expression gene,5
cell determined flow cytometry,5
three four independent experiment,5
number detected gene tpm,5
type violin plot showing,5
scale bar bar plot,5
mean sem three independent,5
predicted cell cycle phase,5
flow cytometry gating strategy,5
five mouse per group,5
day adoptive transfer infection,5
adoptive transfer infection immunization,5
cell purified spleen recipient,5
donor cell purified spleen,5
purified spleen recipient mouse,5
first quartile median third,5
quartile median third quartile,5
representative flow cytometry dot,5
three independent experiment triplicate,5
gene differentially expressed gene,5
cell type see table,5
yellow arrow indicate cell,5
plot showing expression cell,5
top marker gene cluster,5
heat map top marker,5
cell data representative two,5
transcriptional program defined gene,5
split fresh cryopreserved cell,5
cumulative gene count split,5
gene count split fresh,5
sampled cell average permutation,5
defined gene ontology correlating,5
analyzed using randomly sampled,5
count split fresh cryopreserved,5
program defined gene ontology,5
cell analyzed using randomly,5
using randomly sampled cell,5
fresh cryopreserved cell analyzed,5
cryopreserved cell analyzed using,5
gene ontology correlating gene,5
ontology correlating gene set,5
randomly sampled cell average,5
based transcriptional program defined,5
annotated based marker gene,5
shown statistical significance determined,5
differentially expressed gene bulk,5
representative immunofluorescence staining showing,5
dotted line denote cgmps,5
line denote cgmps data,5
based gene expression profile,5
differentially expressed gene among,5
cluster marker gene cluster,5
marker gene cell cluster,5
mean sem see figure,5
cell data represented mean,5
plot showing differential expression,5
percentage read mapped mitochondrial,5
distinct gene expression pattern,5
plot showing cell cycle,5
value discriminative gene set,5
scaled expression log tpm,5
expression log tpm value,5
scale bar left panel,5
bar left panel right,5
gene expression level respectively,5
heatmap showing pearson correlation,5
mean sem mouse per,5
white arrow indicate cell,5
cell dot size represents,5
proximal tubule loop henle,5
gene across cell cluster,5
gene ontology term gene,5
two independent experiment performed,5
red dot denotes individual,5
fisher exact test used,5
first third quartile respectively,5
dot represent individual cell,5
quartile whisker interquartile range,5
doi http following source,5
http following source data,5
natural killer cell cell,5
plot showing distribution expression,5
fold change percentage cell,5
based differential expression analysis,5
color indicates mean expression,5
datasets used listed table,5
mean sem violin plot,5
cell cluster tsne plot,5
extending time interquartile range,5
whisker extending time interquartile,5
principal component analysis plot,5
centre line median box,5
top five differentially expressed,5
distinct gene expression profile,5
gene differentially expressed least,5
number gene differentially expressed,5
expression marker gene identified,5
volcano plot fold change,5
cell type extended data,5
correlation average gene expression,5
show mean error bar,5
number parenthesis indicate number,5
extended data fig addition,5
expression pattern representative marker,5
bar plot showing distribution,5
gene column single cell,5
marker gene across cell,5
representative marker gene across,5
plot show median first,5
scale bar upper panel,5
collecting duct principal cell,5
expression level differentially expressed,5
level differentially expressed gene,5
expressed gene fold change,5
represents single cell row,5
differentially expressed marker gene,5
differentially expressed gene deg,5
followed tukey post hoc,5
red frame clp cultured,5
frame cell blue frame,5
frame clp cultured cell,5
frame red frame clp,5
number error bar show,5
mean result representative two,5
cell analyzed flow cytometry,5
anova used statistical analysis,5
per group independent experiment,5
expression variable gene row,5
plot show expression level,5
data fig extended data,5
